Number of iterations;Difference from the answer
0;0.6411857445049859845
1;0.3588142554950140155
2;0.06350620092019338656
3;0.002289407811858414131
4;3.070460558505974224e-06
5;5.529452980559956821e-12
