Number of iterations;Difference from the answer
0;0.6411857445049859845
1;0.1411857445049859845
2;0.005260864901740253292
3;0.0006831774208584239384
4;8.603089011068867573e-05
5;1.087737249650869284e-05
6;1.374591391319708502e-06
7;1.737204931731659713e-07
8;2.195457187044707464e-08
9;2.774593315085088774e-09
10;3.506498379417938294e-10
11;4.431471465823899614e-11
